[
  {
    "sequence": 1,
    "actionType": "ClearData",
    "data": {
      "sqlFileName": "clear_data.sql",
      "applicationId": "SSS_nft"
    }
  },
  {
    "sequence": 2,
    "actionType": "LoginUiSSS",
    "data": {
      "membercode": "MASGSGSG",
      "username": "aa_sravani",
      "password": "123"
    }
  },
  {
    "sequence": 3,
    "actionType": "AddSector",
    "data": {
      "inputFileName_1": "AddSectorFormFilling.csv",
      "inputFileName_2": "SectorFilterFormFilling.csv",
      "expectedFileName_1": "SectorAddVerifyData.csv",
      "expectedFileName_2": "SectorVerifyListingData.csv"

    }
  }
]