isin,settlement_date,last_int_date,next_int_date,last_int_date2,ex_int_date,full_period_days,accrued_int_days,entitled_coupon_count
SGBRL1000001,18/6/2024,18/6/2024,18/10/2024,18/4/2024,15/10/2024,1,826,null
SGSGIBCBLM01,18/6/2024,18/6/2024,1/12/2024,1/6/2024,27/11/2024,183,17,4
MTBCBLM10001,25/7/2024,null,null,null,null,184,null,null
SGSGIBCBLM02,2/7/2024,2/7/2024,1/1/2025,1/7/2024,27/12/2024,184,1,3
SGSGIBCBLM04,20/6/2024,20/6/2024,1/12/2024,1/6/2024,27/11/2024,183,19,4
MTBCBLM10002,26/7/2024,null,null,null,null,184,null,null
SGSGIBCBLM03,19/7/2024,19/7/2024,1/1/2025,1/7/2024,27/12/2024,184,18,4
