<?xml version="1.0" encoding="UTF-8"?>
<!DOCTYPE suite SYSTEM "https://testng.org/testng-1.0.dtd">
<suite name="Suite" parallel="methods" thread-count="2">
  <test  name="RTGS_SSS_Functional UI Test">
      <parameter name="testId" value="TC01_AddSector" />
    <classes>
      <class name="test.java.TestBase.BaseTest">
        <methods>
            <include name="executeSingleTest" />
       </methods>
      </class>
      
    </classes>
  </test> <!-- Test -->
</suite> <!-- Suite -->
