<!DOCTYPE suite SYSTEM "https://testng.org/testng-1.0.dtd">
<suite name="SECMAST">
    <test name="SECMAST_7771">
        <parameter name="testId" value="SECMAST_7771" />
        <classes>
            <class name="test.java.TestBase.BaseTest">
                <methods>
                    <include name="executeSingleTest" />
                </methods>
            </class>
        </classes>
    </test>
    <test name="SECMAST_7772">
        <parameter name="testId" value="SECMAST_7772" />
        <classes>
            <class name="test.java.TestBase.BaseTest">
                <methods>
                    <include name="executeSingleTest" />
                </methods>
            </class>
        </classes>
    </test>
    <test name="SECMAST_7773">
        <parameter name="testId" value="SECMAST_7773" />
        <classes>
            <class name="test.java.TestBase.BaseTest">
                <methods>
                    <include name="executeSingleTest" />
                </methods>
            </class>
        </classes>
    </test>
    <test name="SECMAST_7774">
        <parameter name="testId" value="SECMAST_7774" />
        <classes>
            <class name="test.java.TestBase.BaseTest">
                <methods>
                    <include name="executeSingleTest" />
                </methods>
            </class>
        </classes>
    </test>
</suite>