[
  {
    "sequence": 1,
    "category": "WEB",
    "type": "click",
    "elementId": "lnk_member",
    "wait": 5000
  },
  {
    "sequence": 2,
    "category": "WEB",
    "type": "click",
    "elementId": "lnk_CustodyAccountTypeManagement_",
    "wait": 5000
  },
  {
    "sequence": 3,
    "category": "WEB",
    "type": "click",
    "elementId": "btn_addNew",
    "wait": 5000
  },
  {
    "sequence": 4,
    "category": "WEB",
    "type": "form_fill",
    "options": {
      "inputFileName" : "{inputFileName_1}",
      "templateFileName" : "AddCustodyAccountTypeFormFiling.csv",
      "elementTypeFileName" : "CustodyAccountType_Form_ElementType.csv"
    },
    "wait": 5000
  },
  {
    "sequence": 5,
    "category": "WEB",
    "type": "click",
    "elementId": "btn_review",
    "wait": 3000
  },





  {
    "sequence": 6,
    "category": "WEB",
    "type": "key_value_verification",
    "options": {
      "expectedFileName": "{expectedFileName_1}",
      "elementTypeFileName": "CustodyAccountType_Review_ElementType.csv"
    },
    "wait": 3000,
    "log": true
  },
  {
    "sequence": 7,
    "category": "WEB",
    "type": "click",
    "elementId": "btn_submit",
    "wait": 3000
  },
  {
    "sequence": 8,
    "category": "WEB",
    "type": "click",
    "elementId": "btn_okModal",
    "wait": 3000
  },
  {
    "sequence": 9,
    "category": "WEB",
    "type": "click",
    "elementId": "btn_tab-1",
    "wait": 3000
  },
  {
    "sequence": 10,
    "category": "WEB",
    "type": "click",
    "elementId": "btn_toggleSearch",
    "wait": 3000
  },
  {
    "sequence": 11,
    "category": "WEB",
    "type": "form_fill",
    "options": {
      "inputFileName": "{inputFileName_2}",
      "elementTypeFileName": "CustodyAccountType_Filter_ElementType.csv"
    },
    "wait": 3000
  },
  {
    "sequence": 12,
    "category": "WEB",
    "type": "click",
    "elementId": "btn_search",
    "wait": 3000
  },
  {
    "sequence": 13,
    "category": "WEB",
    "type": "table_verification",
    "options": {
      "expectedFileName" : "{expectedFileName_2}",
      "tableId" : "result_table"
    },
    "wait": 3000,
    "log": true
  },
  {
    "sequence": 14,
    "category": "WEB",
    "type": "click",
    "elementId": "btn_logout",
    "wait": 3000,
    "log": true
  },
  {
    "sequence": 15,
    "category": "WEB",
    "type": "click",
    "elementId": "btn_okModal",
    "wait": 3000,
    "log": true
  }


]