[
  {
    "applicationId": "CBOP_local",
    "dbUrl": "jdbc:mysql://localhost:3306/cbop?allowPublicKeyRetrieval=true&useSSL=false&serverTimezone=Asia/Singapore&useLegacyDatetimeCode=false&jdbcCompliantTruncation=false",
    "dbUser": "root",
    "dbPassword": "root123"
  },
  {
    "applicationId": "CBOP_server",
    "dbUrl": "jdbc:mysql://192.168.9.220:3306/cbop?allowPublicKeyRetrieval=true&useSSL=false&serverTimezone=Asia/Singapore&useLegacyDatetimeCode=false&jdbcCompliantTruncation=false",
    "dbUser": "root",
    "dbPassword": "P@ssw0rd"
  },
  {
    "applicationId": "SSS_nft",
    "dbUrl": "jdbc:mysql://192.168.9.250:3306/sssdb?serverTimezone=Asia/Singapore",
    "dbUser": "sssuser",
    "dbPassword": "sssP@ssw0rd"
  }
]