[
  {
    "sequence": "1",
    "type": "click",
    "elementId": "menuMember"
  },
  {
    "sequence": "2",
    "type": "click",
    "elementId": "menuMemberSub"
  },
  {
    "sequence": "3",
    "type": "click",
    "elementId": "menuMemberA"
  },
  {
    "sequence": "4",
    "type": "form_fill",
    "inputFileName" : "something.csv", // first line has to be element id
    "elementTypeFileName": "Anotherfile.json" // to be prepared by dev. This will contain different form element types
  },
  {
    "sequence": "5",
    "type": "tableVerification", //or keyValueVerification
    "expectedFileName" : "somethingelse.csv" // first line has to be element id
  },
  {
    "sequence": "6",
    "type": "keyValueVerification", //or keyValueVerification
    "expectedFileName" : "keyValueExpected.csv" // first line has to be element id
    "elementTypeFileName": "Anotherfile.json" // to be prepared by dev. This will contain different form element types
    "elementIdList": [ // define the fields to verify
      "txt_Code", // if this element not exist, just take in-line text
      "txt_Description",
      "dtp_effectiveDate",
      "invalidFieldValidation"
    ]
  }


]