[
  {
    "sequence": 1,
    "actionType": "VerifyAuctionDB",
    "data": {
      "applicationId": "CBOP_local",
      "expectedFileName_1": "auction.csv",
      "actualDataCriteria_1": "auction_id in (select auction_id from auction_item where isin in ('SGBRL1000001','SGSGIBCBLM01', 'MTBCBLM10001'))",
      "expectedFileName_2": "auction_instance.csv",
      "actualDataCriteria_2": "auction_item_id in (select auction_item_id from auction_item where isin in ('SGBRL1000001','SGSGIBCBLM01', 'MTBCBLM10001'))"
    }
  }
]