[
  {
    "sequence": 1,
    "category": "WEB",
    "type": "url",
    "url": "http://192.168.9.134/login",
    "wait": 5000,
    "log": true
  },
  {
    "sequence": 2,
    "category": "WEB",
    "type": "input",
    "elementId": "txt_param3",
    "textBoxValue": "{membercode}",
    "wait": 5000
  },
  {
    "sequence": 3,
    "category": "WEB",
    "type": "input",
    "elementId": "txt_param1",
    "textBoxValue": "{username}",
    "wait": 0
  },
  {
    "sequence": 4,
    "category": "WEB",
    "type": "input",
    "elementId": "txt_param2",
    "textBoxValue": "{password}",
    "wait": 0,
    "log": true
  },
  {
    "sequence": 5,
    "category": "WEB",
    "type": "click",
    "elementId": "//button[@type = 'submit']",
    "wait": 5000,
    "log": true
  },
  {
    "sequence": 6,
    "category": "WEB",
    "type": "check_click",
    "elementId": "btn_okModal",
    "wait": 3000,
    "log": true
  }
]