[
  {
    "sequence": 1,
    "category": "WEB",
    "type": "url",
    "url": "http://192.168.9.220/login",
    "wait": 0,
    "log": true
  },
  {
    "sequence": 2,
    "category": "WEB",
    "type": "input",
    "elementId": "//input[@formcontrolname='userName']",
    "textBoxValue": "{username}",
    "wait": 0
  },
  {
    "sequence": 3,
    "category": "WEB",
    "type": "input",
    "elementId": "//input[@formcontrolname='password']",
    "textBoxValue": "{password}",
    "wait": 0,
    "log": false
  },
  {
    "sequence": 4,
    "category": "WEB",
    "type": "click",
    "elementId": "//button",
    "wait": 3000,
    "log": true
  }
]