[
  {
    "sequence": 1,
    "actionType": "VerifySecmast",
    "data": {
      "applicationId": "CBOP_local",
      "expectedFileName_1": "securities.csv",
      "actualDataCriteria_1": "isin in ('MTBCBLM10001')",
      "expectedFileName_2": "securities_issuance.csv",
      "actualDataCriteria_2": "isin in ('SGBRL1000001', 'SGSGIBCBLM01', 'MTBCBLM10001')",
      "expectedFileName_3": "auction_item.csv",
      "actualDataCriteria_3": "isin in ('SGBRL1000001', 'SGSGIBCBLM01', 'MTBCBLM10001')",
      "expectedFileName_4": "auction.csv",
      "actualDataCriteria_4": "auction_id in (select auction_id from auction_item where isin in ('SGBRL1000001','SGSGIBCBLM01', 'MTBCBLM10001'))",
      "expectedFileName_5": "auction_instance.csv",
      "actualDataCriteria_5": "auction_item_id in (select auction_item_id from auction_item where isin in ('SGBRL1000001', 'SGSGIBCBLM01', 'MTBCBLM10001'))",
      "expectedFileName_6": "securities_pricing_date.csv",
      "actualDataCriteria_6": "isin in ('SGBRL1000001', 'SGSGIBCBLM01', 'MTBCBLM10001')"
    }
  }
]