[
  {
    "sequence": 7,
    "category": "WEB",
    "type": "keyValueVerification",
    "options": {
      "expectedFileName": "sectorFormExpected.csv"
    },
    "wait": 3000
  },
  {
    "sequence": 8,
    "category": "WEB",
    "type": "click",
    "elementId": "btn_submit",
    "wait": 3000
  },
  {
    "sequence": 9,
    "category": "WEB",
    "type": "click",
    "elementId": "btn_okModal",
    "wait": 3000
  },
  {
    "sequence": 10,
    "category": "WEB",
    "type": "click",
    "elementId": "btn_tab-1",
    "wait": 3000
  },
  {
    "sequence": 11,
    "category": "WEB",
    "type": "click",
    "elementId": "btn_toggleSearch",
    "wait": 3000
  },
  {
    "sequence": 12,
    "category": "WEB",
    "type": "form_fill",
    "options": {
      "inputFileName": "{inputFilterFileName}",
      "elementTypeFileName": "sectorFilterForm.csv"
    },
    "wait": 3000
  },
  {
    "sequence": 13,
    "category": "WEB",
    "type": "click",
    "elementId": "btn_search",
    "wait": 3000
  },
  {
    "sequence": 14,
    "category": "WEB",
    "type": "tableVerification",
    "options": {
      "expectedFileName": "SectorVerifyListingData.csv",
      "tableId": "result_table"
    }
  }
]
