[
  {
    "sequence": 1,
    "actionType": "ClearData",
    "data": {
      "sqlFileName": "clear_data.sql",
      "applicationId": "SSS_nft"
    }
  },
  {
    "sequence": 2,
    "actionType": "LoginUiSSS",
    "data": {
      "membercode": "MASGSGSG",
      "username": "aa_sravani",
      "password": "123"
    }
  },
  {
    "sequence": 3,
    "actionType": "AddCustodyAccountType",
    "data": {
      "inputFileName_1": "CustodyAccountType_Form_Filing.csv",
      "inputFileName_2": "CustodyAccountType_Filter.csv",
      "expectedFileName_1": "CustodyAccountType_Form_VerifyData.csv",
      "expectedFileName_2": "CustodyAccountType_ResultTable_Verify.csv"
    }
  }
]