[
  {
    "sequence": 1,
    "actionType": "ClearData",
    "data": {
      "sqlFileName": "clear_data.sql",
      "applicationId": "CBOP_server"
    }
  },
  {
    "sequence": 2,
    "actionType": "LoginUiCBOP",
    "data": {
      "username": "AdminUser1",
      "password": "H2M6qeR3aeKSVUtmA4N2FtuhTzXGk6N88rZmp1FWfPlrjzwVwUa83RFWqJcfJhPz1XS5AYy/6sk9GopsZWg195W9+YCOPcIMfuyDD5pyT/qLooyGnztyEmU28Gv42fTokRCyYkWoFa7sVvMfk/G6e1Bawc6tDSm+Jr0fL6u6B/4="
    }
  },
  {
    "sequence": 3,
    "actionType": "UploadSecmastUi",
    "data": {
      "inputSecmastFileName": "secmast_20240516_100410.txt"
    }
  },
  {
    "sequence": 4,
    "actionType": "LoginUiCBOP",
    "data": {
      "username": "AdminUser2",
      "password": "H2M6qeR3aeKSVUtmA4N2FtuhTzXGk6N88rZmp1FWfPlrjzwVwUa83RFWqJcfJhPz1XS5AYy/6sk9GopsZWg195W9+YCOPcIMfuyDD5pyT/qLooyGnztyEmU28Gv42fTokRCyYkWoFa7sVvMfk/G6e1Bawc6tDSm+Jr0fL6u6B/4="
    }
  },
  {
    "sequence": 5,
    "actionType": "ApproveSecmastUi",
    "data": {
      "inputSecmastFileName": "secmast_20240516_100410.txt"
    }
  },
  {
    "sequence": 6,
    "actionType": "VerifySecmast",
    "data": {
      "applicationId": "CBOP_server",
      "expectedFileName_1": "securities.csv",
      "actualDataCriteria_1": "isin in ('MTBCBLM10001')",
      "expectedFileName_2": "securities_issuance.csv",
      "actualDataCriteria_2": "isin in ('SGBRL1000001', 'SGSGIBCBLM01', 'MTBCBLM10001')",
      "expectedFileName_3": "auction_item.csv",
      "actualDataCriteria_3": "isin in ('SGBRL1000001', 'SGSGIBCBLM01', 'MTBCBLM10001')",
      "expectedFileName_4": "auction.csv",
      "actualDataCriteria_4": "auction_id in (select auction_id from auction_item where isin in ('SGBRL1000001','SGSGIBCBLM01', 'MTBCBLM10001'))",
      "expectedFileName_5": "auction_instance.csv",
      "actualDataCriteria_5": "auction_item_id in (select auction_item_id from auction_item where isin in ('SGBRL1000001', 'SGSGIBCBLM01', 'MTBCBLM10001'))",
      "expectedFileName_6": "securities_pricing_date.csv",
      "actualDataCriteria_6": "isin in ('SGBRL1000001', 'SGSGIBCBLM01', 'MTBCBLM10001')"
    }
  }
]