[
  {
    "sequence": 1,
    "actionType": "LoginUiCBOP",
    "data": {
      "username": "AdminUser1",
      "password": "H2M6qeR3aeKSVUtmA4N2FtuhTzXGk6N88rZmp1FWfPlrjzwVwUa83RFWqJcfJhPz1XS5AYy/6sk9GopsZWg195W9+YCOPcIMfuyDD5pyT/qLooyGnztyEmU28Gv42fTokRCyYkWoFa7sVvMfk/G6e1Bawc6tDSm+Jr0fL6u6B/4="
    }
  },
  {
    "sequence": 2,
    "actionType": "UploadSecmastUi",
    "data": {
      "inputSecmastFileName": "secmast_20240516_100411.txt"
    }
  },
  {
    "sequence": 3,
    "actionType": "LoginUiCBOP",
    "data": {
      "username": "AdminUser2",
      "password": "H2M6qeR3aeKSVUtmA4N2FtuhTzXGk6N88rZmp1FWfPlrjzwVwUa83RFWqJcfJhPz1XS5AYy/6sk9GopsZWg195W9+YCOPcIMfuyDD5pyT/qLooyGnztyEmU28Gv42fTokRCyYkWoFa7sVvMfk/G6e1Bawc6tDSm+Jr0fL6u6B/4="
    }
  },
  {
    "sequence": 4,
    "actionType": "ApproveSecmastUi",
    "data": {
      "inputSecmastFileName": "secmast_20240516_100411.txt"
    }
  }
]