[
  {
    "sequence": 1,
    "category": "WEB",
    "type": "click",
    "elementId": "//button[@class='header-notification']",
    "wait": 3000,
    "log": true
  },
  {
    "sequence": 2,
    "category": "WEB",
    "type": "click",
    "elementId": "//h3[contains(.,'UPLOADED: Secmaster file is uploaded.')]",
    "wait": 0
  },
  {
    "sequence": 3,
    "category": "WEB",
    "type": "click",
    "elementId": "//label[contains(.,'Approve')]",
    "wait": 3000
  },
  {
    "sequence": 4,
    "category": "WEB",
    "type": "click",
    "elementId": "//button[contains(.,'Submit')]",
    "wait": 0
  },
  {
    "sequence": 5,
    "category": "WEB",
    "type": "click",
    "elementId": "//button[contains(.,'Confirm')]",
    "wait": 3000,
    "log": true
  }
]