[
  {
    "sequence": 1,
    "category": "WEB",
    "type": "url",
    "url": "http://192.168.9.220/mas/upload-sec-master-file",
    "wait": 3000,
    "log": true
  },
  {
    "sequence": 2,
    "category": "WEB",
    "type": "input_file",
    "elementId": "//input[@type='file']",
    "textBoxValue": "{inputSecmastFileName}",
    "wait": 0
  },
  {
    "sequence": 3,
    "category": "WEB",
    "type": "click",
    "elementId": "//button[contains(.,'Start Upload')]",
    "wait": 0,
    "log": true
  },
  {
    "sequence": 4,
    "category": "WEB",
    "type": "click",
    "elementId": "//button[contains(.,'Submit')]",
    "wait": 1000
  },
  {
    "sequence": 5,
    "category": "WEB",
    "type": "url",
    "url": "http://192.168.9.220/logout",
    "wait": 3000,
    "log": true
  }
]