[
  {
    "sequence": 1,
    "category": "SQL",
    "type": "query_to_csv",
    "options": {
      "applicationId": "{applicationId}",
      "expectedFileName_1": "{expectedFileName_1}",
      "actualDataCriteria_1": "{actualDataCriteria_1}",
      "expectedFileName_2": "{expectedFileName_2}",
      "actualDataCriteria_2": "{actualDataCriteria_2}",
      "expectedFileName_3": "{expectedFileName_3}",
      "actualDataCriteria_3": "{actualDataCriteria_3}",
      "expectedFileName_4": "{expectedFileName_4}",
      "actualDataCriteria_4": "{actualDataCriteria_4}",
      "expectedFileName_5": "{expectedFileName_5}",
      "actualDataCriteria_5": "{actualDataCriteria_5}",
      "expectedFileName_6": "{expectedFileName_6}",
      "actualDataCriteria_6": "{actualDataCriteria_6}"
    },
    "wait": 3000,
    "log": true
  }
]